director_name,director_id
Quentin Tarantino,1
Robert Rodriguez,2
Allison Anders,3
Alexandre Rockwell,4
George Lucas,5
Andrew Stanton,6
Robert Zemeckis,7
Sam Mendes,8
Lars von Trier,9
Luc Besson,10
Fritz Lang,11
Gore Verbinski,12
Francis Ford Coppola,13
Clint Eastwood,14
David Silverman,15
Michel Gondry,16
Alejandro Gonzu00e1lez Iu00f1u00e1rritu,17
David Cronenberg,18
Stanley Kubrick,19
Curtis Hanson,20
James Mangold,21
Stephen Daldry,22
Tony Kaye,23
Steven Spielberg,24
Tim Burton,25
Richard Linklater,26
Christopher Nolan,27
Ridley Scott,28
Chris Kentis,29
Martin Brest,30
Michael Bay,31
Tony Scott,32
Guy Ritchie,33
Martin Scorsese,34
Tom Tykwer,35
John McTiernan,36
Brian De Palma,37
Garry Marshall,38
Joel Coen,39
Woody Allen,40
Peter Jackson,41
Hayao Miyazaki,42
Harold Ramis,43
Richard Kelly,44
Ang Lee,45
Robert Wise,46
Sofia Coppola,47
Nicholas Meyer,48
Leonard Nimoy,49
Steven Soderbergh,50
Iain Softley,51
Stephen Hopkins,52
Danny Boyle,53
William Shatner,54
Richard Fleischer,55
James Wan,56
Terry Gilliam,57
Sydney Pollack,58
Paul McGuigan,59
Frank Miller,60
David Carson,61
Jean-Pierre Jeunet,62
Mel Gibson,63
Jonathan Frakes,64
Stuart Baird,65
Terry George,66
Peter Weir,67
Darren Lynn Bousman,68
James Cameron,69
Pedro Almodu00f3var,70
Alfred Hitchcock,71
Kimberly Peirce,72
Stephen Gaghan,73
Rob Reiner,74
Billy Wilder,75
Stephen Frears,76
Paul Weitz,77
Chris Weitz,78
Frank Capra,79
Jerry Zucker,80
Mel Stuart,81
Guy Hamilton,82
Roman Polanski,83
Richard Brooks,84
Jonathan Demme,85
Len Wiseman,86
Frank Darabont,87
Milou0161 Forman,88
Fred Zinnemann,89
Michael Curtiz,90
Stacy Peralta,91
Jonathan Mostow,92
Franu00e7ois Ozon,93
John Landis,94
Tom Shadyac,95
Pitof,96
u00c9mile Gaudreault,97
David R. Ellis,98
Takeshi Kitano,99
Joe Johnston,100
Paul Thomas Anderson,101
Sergio Leone,102
Wolfgang Becker,103
David Frankel,104
Wes Craven,105
Barry Levinson,106
Wolfgang Petersen,107
Spike Lee,108
Sidney Lumet,109
Lasse Hallstru00f6m,110
Paul W.S. Anderson,111
Bennett Miller,112
Gary Fleder,113
Zach Braff,114
Bruce Beresford,115
David Hand,116
Anthony Minghella,117
Andrew Adamson,118
Joel Schumacher,119
Wes Anderson,120
Chris Wedge,121
Vincenzo Natali,122
Robert Stevenson,123
Roland Emmerich,124
Greg Strause,125
Colin Strause,126
Mike Figgis,127
Ron Howard,128
Baz Luhrmann,129
Gurinder Chadha,130
Darren Aronofsky,131
John Singleton,132
Gus Van Sant,133
Spike Jonze,134
Larry Charles,135
Patty Jenkins,136
Roger Avary,137
Richard Curtis,138
Roger Michell,139
Richard Donner,140
Nick Park,141
Steve Box,142
McG,143
Adrian Lyne,144
Bobby Farrelly,145
Peter Farrelly,146
Duncan Tucker,147
Robert Redford,148
Julian Schnabel,149
David Fincher,150
Sam Raimi,151
Paul Verhoeven,152
Sam Peckinpah,153
Jeannot Szwarc,154
Joseph Sargent,155
Kevin Costner,156
Florian Henckel von Donnersmarck,157
Pete Docter,158
Christophe Gans,159
Robert Mulligan,160
Fernando Meirelles,161
Ku00e1tia Lund,162
Lilly Wachowski,163
Lana Wachowski,164
Barry Sonnenfeld,165
Tobe Hooper,166
Oliver Hirschbiegel,167
Edward Zwick,168
John McNaughton,169
Mick Jackson,170
Randal Kleiser,171
Neil Jordan,172
Bryan Singer,173
Victor Fleming,174
Sharon Maguire,175
George Roy Hill,176
Terence Young,177
Elia Kazan,178
Jan de Bont,179
Walter Salles,180
Lewis Gilbert,181
Peter R. Hunt,182
Chris Columbus,183
Alfonso Cuaru00f3n,184
Mike Newell,185
David Yates,186
Tim Robbins,187
John Waters,188
Jay Roach,189
John Glen,190
Richard Lester,191
Martin Campbell,192
Jane Campion,193
Roger Spottiswoode,194
M. Night Shyamalan,195
Bernardo Bertolucci,196
Edgar Wright,197
James McTeigue,198
John Woo,199
James Algar,200
Paul Satterfield,201
Jim Handley,202
William Roberts,203
Wilfred Jackson,204
Hamilton Luske,205
Ford Beebe,206
Ben Sharpsteen,207
Samuel Armstrong,208
Norman Ferguson,209
T. Hee,210
Terry Jones,211
Albert Hughes,212
Allen Hughes,213
Jonathan Dayton,214
Valerie Faris,215
Andrew Niccol,216
Richard Attenborough,217
Cameron Crowe,218
Doug Liman,219
John Carpenter,220
Oliver Stone,221
Brad Silberling,222
Roger Kumble,223
Vicky Jenson,224
Kelly Asbury,225
Conrad Vernon,226
Chris Miller,227
Raman Hui,228
Ron Clements,229
John Musker,230
David Zucker,231
Jim Abrahams,232
Stanley Kramer,233
David Lean,234
David Lynch,235
Wong Kar-wai,236
Rob Bowman,237
Matthew Robbins,238
Peter Yates,239
Jean-Jacques Annaud,240
Chuck Russell,241
John Badham,242
John Lasseter,243
Jon Turteltaub,244
Paul Michael Glaser,245
Marc Forster,246
Gavin Hood,247
Gene Kelly,248
Stanley Donen,249
William Wyler,250
Brian Levant,251
Joe Ranft,252
Zack Snyder,253
Dean Parisot,254
Joe Dante,255
Carlos Saldanha,256
Ivan Reitman,257
Tom McGrath,258
Eric Darnell,259
J.J. Abrams,260
Mel Brooks,261
Robert Rossen,262
William Friedkin,263
Niki Caro,264
Josef Rusnak,265
Ken Loach,266
Bill Condon,267
James Ivory,268
Sylvester Stallone,269
Peter Webber,270
Mark Steven Johnson,271
Richard Eyre,272
Gu00e1bor Csupu00f3,273
David Ayer,274
Steve Bendelack,275
Kevin Munroe,276
Mary Harron,277
Julie Taymor,278
John G. Avildsen,279
Ted Kotcheff,280
George P. Cosmatos,281
Peter MacDonald,282
John Cameron Mitchell,283
Gabriele Muccino,284
Renny Harlin,285
Fenton Bailey,286
Randy Barbato,287
Guillermo del Toro,288
Michael Moore,289
Jonathan Caouette,290
Todd Field,291
Neil Burger,292
Donald Petrie,293
Michael Pressman,294
Stuart Gillard,295
Kevin Macdonald,296
Michael Mann,297
Mike Judge,298
Cu00e9dric Klapisch,299
Juan Carlos Fresnadillo,300
Rob Marshall,301
Alexander Witt,302
Nancy Meyers,303
David Koepp,304
Peyton Reed,305
Shawn Levy,306
Ronny Yu,307
Christopher McQuarrie,308
Xavier Gens,309
Paul Haggis,310
Irwin Winkler,311
Richard LaGravenese,312
Stephen Herek,313
Luc Jacquet,314
Ju00e9ru00f4me Maison,315
Taylor Hackford,316
Ted Post,317
Don Taylor,318
J. Lee Thompson,319
Eli Roth,320
Simon West,321
Steven Zaillian,322
John Madden,323
Louis Leterrier,324
Jerome Robbins,325
Jon Favreau,326
Rob Minkoff,327
Stephen Sommers,328
Rob Cohen,329
Davis Guggenheim,330
Herbert Ross,331
Joe Russo,332
Anthony Russo,333
Peter Segal,334
John Schlesinger,335
Kevin Smith,336
Jon Amiel,337
John Milius,338
Irvin Kershner,339
Richard Marquand,340
Jeremy Leven,341
Alejandro Amenu00e1bar,342
Pat O'Connor,343
Marc Webb,344
Sylvain White,345
Mark Neveldine,346
Brian Taylor,347
Eric Bress,348
J. Mackye Gruber,349
Michael Apted,350
Bruce Campbell,351
Espen Sandberg,352
Joachim Ru00f8nning,353
Takashi Shimizu,354
Tim Story,355
Michael Winterbottom,356
James Gray,357
Cristian Mungiu,358
Adam Shankman,359
Steven Brill,360
Florent-Emilio Siri,361
Antoine Fuqua,362
Lee Tamahori,363
Alejandro Agresti,364
Alex Proyas,365
Tom McCarthy,366
Michael Cristofer,367
Jan Pinkava,368
Brad Bird,369
Jonathan Lynn,370
David O. Russell,371
Andrzej Bartkowiak,372
Peter Medak,373
Rod Lurie,374
Brian Helgeland,375
Hironobu Sakaguchi,376
Motonori Sakakibara,377
Carl Franklin,378
Howard Deutch,379
Simon Wells,380
Chris Nahon,381
John Frankenheimer,382
Hugh Johnson,383
Daniel Sackheim,384
Frank Oz,385
Oliver Schmitz,386
Gu00e9rard Depardieu,387
Nobuhiro Suwa,388
Isabel Coixet,389
Olivier Assayas,390
Daniela Thomas,391
Sylvain Chomet,392
Fru00e9du00e9ric Auburtin,393
Ethan Coen,394
Bruno Podalydu00e8s,395
Alexander Payne,396
Christopher Doyle,397
Matthew Vaughn,398
Penny Marshall,399
Mike Nichols,400
Joe Pytka,401
Mike Binder,402
Thomas Langmann,403
Fru00e9du00e9ric Forestier,404
George Stevens,405
Simon Wincer,406
Stefen Fangmeier,407
Paul Greengrass,408
James L. Brooks,409
John Boorman,410
Anand Tucker,411
Bonnie Hunt,412
Luis Llosa,413
Mark Pellington,414
Marc Lawrence,415
David Slade,416
Rob Zombie,417
Daniel Myrick,418
Eduardo Su00e1nchez,419
Roger Donaldson,420
John Herzfeld,421
J.B. Rogers,422
David Twohy,423
Rand Ravich,424
Hugh Wilson,425
Ken Kwapis,426
Julian Jarrold,427
Noel Marshall,428
Mikael Hu00e5fstru00f6m,429
Betty Thomas,430
D.W. Griffith,431
King Vidor,432
Lloyd Bacon,433
Mark Sandrich,434
Charlie Chaplin,435
Arthur Rosson,436
Howard Hawks,437
Michael Caton-Jones,438
Norman Wright,439
Graham Heid,440
George Clooney,441
Jon Avnet,442
Geoff Murphy,443
Jim Gillespie,444
Danny Cannon,445
Mike Hodges,446
Scott Hicks,447
Mark Christopher,448
Susanne Bier,449
Todd Haynes,450
Mike Johnson,451
Trey Parker,452
Henry Bean,453
Corey Yuen Kwai,454
Ted Demme,455
Keenen Ivory Wayans,456
Yash Chopra,457
Malcolm D. Lee,458
Joe Wright,459
Peter Berg,460
Robert Luketic,461
Peter Chelsom,462
Gary Ross,463
Alan J. Pakula,464
Andrew Dominik,465
Shekhar Kapur,466
Kevin Lima,467
F. Gary Gray,468
Brad Anderson,469
Tony Gilroy,470
Nimru00f3d Antal,471
Phil Alden Robinson,472
Ron Shelton,473
Gil Junger,474
Judd Apatow,475
Edward Norton,476
Mathieu Kassovitz,477
James Cox,478
Kirsten Sheridan,479
Kerry Conran,480
Michael Polish,481
Brett Ratner,482
Shane Black,483
Robert Altman,484
Yvette Kaplan,485
Greg Tiernan,486
Paul Bolger,487
Roger Christian,488
Andrew Davis,489
Fred Dekker,490
Simon J. Smith,491
Steve Hickner,492
Russ Meyer,493
John Carney,494
Tony Richardson,495
Clark Johnson,496
Melvin Van Peebles,497
Luis Mandoki,498
Sean Penn,499
John Sturges,500
John Hamburg,501
David Dobkin,502
Bob Spiers,503
Lawrence Kasdan,504
David McNally,505
Griffin Dunne,506
Frederik Du Chau,507
Tim Hill,508
Francis Lawrence,509
Frank Marshall,510
Jay Chandrasekhar,511
Rodman Flender,512
Anne Fletcher,513
Jake Kasdan,514
Craig Gillespie,515
Tom Dey,516
Clare Kilner,517
Matt Reeves,518
Thomas Carter,519
Jonathan Hensleigh,520
Jason Friedberg,521
Aaron Seltzer,522
Danny DeVito,523
Kurt Wimmer,524
Wayne Wang,525
Wayne Kramer,526
Jason Reitman,527
Katt Shea,528
Breck Eisner,529
Peter Lord,530
Jim Sheridan,531
Ben Stiller,532
Gary Goldman,533
Don Bluth,534
Garth Jennings,535
Pete Travis,536
Anthony Stacchi,537
Roger Allers,538
Jill Culton,539
Brian Koppelman,540
David Levien,541
Ryan Murphy,542
Joe Carnahan,543
Tim Johnson,544
Karey Kirkpatrick,545
Rob McKittrick,546
Dennis Gansel,547
Russell Mulcahy,548
Ryan Fleck,549
David Jacobson,550
Craig Brewer,551
Rakeysh Omprakash Mehra,552
David Schwimmer,553
John Moore,554
Andrew Morahan,555
Tommy Lee Jones,556
Roger Vadim,557
E. Elias Merhige,558
Gregory Hoblit,559
Joseph L. Mankiewicz,560
John Dahl,561
Jared Hess,562
Phillip Noyce,563
Karyn Kusama,564
Mark Waters,565
Dany Boon,566
Nicolas Guy,567
D.J. Caruso,568
Jesse Dylan,569
Martin McDonagh,570
Jon M. Chu,571
Jaume Balagueru00f3,572
Paco Plaza,573
Joel Zwick,574
Greg Mottola,575
Kevin Reynolds,576
Troy Duffy,577
George A. Romero,578
Jeff Wadlow,579
Michael Haneke,580
Nick Cassavetes,581
Andy Tennant,582
Warren Beatty,583
Nicholas Hytner,584
Scott Derrickson,585
Mimi Leder,586
Kathryn Bigelow,587
Pierre Morel,588
Stephen Norrington,589
Adam McKay,590
Terrence Malick,591
Michael McCullers,592
George Miller,593
Alan Parker,594
Peter Hyams,595
Chris Carter,596
Charles S. Dutton,597
Tarsem Singh,598
Charles Shyer,599
Kenneth Johnson,600
Danny Leiner,601
Antony Hoffman,602
Penelope Spheeris,603
P.J. Hogan,604
Ari Folman,605
Timur Bekmambetov,606
Mary Lambert,607
Peter Hewitt,608
Victor Salva,609
Glenn Ficarra,610
John Requa,611
Catherine Hardwicke,612
Stephen T. Kay,613
Sam Weisman,614
John Bonito,615
Nigel Cole,616
Jean-Franu00e7ois Richet,617
Nicole Holofcener,618
Clive Barker,619
Jeff Tremaine,620
Michael Lembeck,621
Lorna Cook,622
Tom Vaughan,623
David Moreau,624
Xavier Palud,625
Dennis Dugan,626
Bruce Hunt,627
Rachel Talalay,628
Andrew Fleming,629
John Stockwell,630
Brett Leonard,631
Steve Oedekerk,632
Todd Phillips,633
James Wong,634
Ken Annakin,635
Bernhard Wicki,636
Andrew Marton,637
Michael Lehmann,638
Gil Kenan,639
Richard Stanley,640
Robert Schwentke,641
Frank Coraci,642
Larry Clark,643
Jeff Schaffer,644
George Ogilvie,645
Mark Romanek,646
Ron Underwood,647
Morgan Spurlock,648
Christian Volckman,649
Chris Buck,650
Ash Brannon,651
David Nutter,652
Peter Cattaneo,653
John Fortenberry,654
Hugh Hudson,655
Kirk Wong,656
James Foley,657
Michael Wadleigh,658
Vincent Gallo,659
Rawson Marshall Thurber,660
Peter Howitt,661
Nora Ephron,662
Tamra Davis,663
Mark Osborne,664
John Stevenson,665
Richard Shepard,666
William Malone,667
Philip Kaufman,668
Mort Nathan,669
Gary Nelson,670
Les Mayfield,671
Chris Koch,672
Sheldon Lettich,673
Chris Noonan,674
Raja Gosnell,675
Rocky Morton,676
Annabel Jankel,677
Justin Lin,678
Albert Magnoli,679
Andrei Konchalovsky,680
Steven Seagal,681
Steve Beck,682
Andy Fickman,683
Glen Morgan,684
Tony Bill,685
John Maybury,686
Peter Faiman,687
Douglas McGrath,688
Dominic Sena,689
Jim Sonzero,690
Burr Steers,691
Andy Garcu00eda,692
Doug Lefler,693
Steve Miner,694
Joseph Zito,695
Danny Steinmann,696
Richard Loncraine,697
Phil Joanou,698
Costa-Gavras,699
Adam Rifkin,700
Alexandre Aja,701
Greg Coolidge,702
Beeban Kidron,703
Bob Odenkirk,704
Jamie Babbit,705
John R. Leonetti,706
Kinka Usher,707
Brenda Chapman,708
Nicholas Stoller,709
Jamie Blanks,710
Andrew Bergman,711
Susan Stroman,712
Rob Schmidt,713
John A. Davis,714
David S. Ward,715
Werner Herzog,716
Miguel Arteta,717
Mennan Yapo,718
Matthew O'Callaghan,719
Geoffrey Sax,720
Mark Dindal,721
Gary Winick,722
Jack Sholder,723
Mike Marvin,724
Bille Woodruff,725
Mark Helfrich,726
Andrew Douglas,727
Jaume Collet-Serra,728
Brian Robbins,729
William Brent Bell,730
Ben Garant,731
Craig R. Baxley,732
Rowdy Herrington,733
Michael Ritchie,734
Terry Zwigoff,735
Troy Miller,736
Ryu00fbhei Kitamura,737
Joshua Michael Stern,738
Sanaa Hamri,739
David Gordon Green,740
Dean DeBlois,741
Chris Sanders,742
Mike Mitchell,743
Lee Unkrich,744
Kenneth Branagh,745
Robert Stevenhagen,746
Sam Fell,747
Atom Egoyan,748
Tom McLoughlin,749
Bob Clark,750
Barbra Streisand,751
John Carl Buechler,752
Rob Hedden,753
Adam Marcus,754
Andrew Currie,755
Gary Sherman,756
Rupert Wainwright,757
Grant Heslov,758
Robert Iscove,759
Hideo Nakata,760
Charles Herman-Wurmfeld,761
Mark A.Z. Dippu00e9,762
John Huston,763
Mic Rodgers,764
Franco Zeffirelli,765
Walter Hill,766
Diane Keaton,767
Norman Jewison,768
Marcus Raboy,769
Philip G. Atwell,770
Kenny Ortega,771
Steve Carr,772
Mark Levin,773
Jennifer Flackett,774
Michael Patrick Jann,775
Bibo Bergeron,776
Don Michael Paul,777
Eric Goldberg,778
Mike Gabriel,779
Roland Joffu00e9,780
Kirk Wise,781
Gary Trousdale,782
Wych Kaosayananda,783
Rob Letterman,784
Damien O'Donnell,785
Matt Williams,786
Ralph Zondag,787
Eric Leighton,788
Patrick Lussier,789
Tom Holland,790
Randall Wallace,791
Luke Greenfield,792
Boaz Yakin,793
Takao Okawara,794
Gregory Poirier,795
Willard Huyck,796
Tony Bancroft,797
Barry Cook,798
Tommy Lee Wallace,799
Todd Solondz,800
Vondie Curtis-Hall,801
Noah Baumbach,802
Joseph Kahn,803
John Lee Hancock,804
Don Siegel,805
Adrienne Shelly,806
Joe Nussbaum,807
Paul Weiland,808
Michael Anderson,809
Ringo Lam,810
Jeb Stuart,811
Lucky McKee,812
Harald Zwart,813
Dan O'Bannon,814
Michael Cimino,815
Jessie Nelson,816
Dennie Gordon,817
Cory Edwards,818
Todd Edwards,819
Tony Leech,820
Joe Chappelle,821
Kunihiko Yuyama,822
Michael Haigney,823
Lawrence Guterman,824
Mark L. Lester,825
Steven Shainberg,826
Denys Arcand,827
Nick Hamm,828
Reginald Hudlin,829
Vadim Perelman,830
John Polson,831
George Cukor,832
Jay Russell,833
Justin Kerrigan,834
Sara Sugarman,835
Toshio Masuda,836
Kinji Fukasaku,837
John Lafia,838
Franklin J. Schaffner,839
Patrick Read Johnson,840
Dwight H. Little,841
Mark Rosman,842
Don Mancini,843
Mikael Salomon,844
Kirk Jones,845
Kevin Bray,846
Dominique Othenin-Girard,847
Edward Burns,848
John Pasquin,849
Joel Gallen,850
Christian Duguay,851
Jeremy Brock,852
Sidney J. Furie,853
Rick Rosenthal,854
Angela Robinson,855
Walt Becker,856
Mike Bigelow,857
Harold Becker,858
James Isaac,859
Jacques Perrin,860
Joseph Ruben,861
John Whitesell,862
David Bowers,863
Anthony Mann,864
Mervyn LeRoy,865
Phyllida Lloyd,866
Mira Nair,867
Kevin Rodney Sullivan,868
Gary David Goldberg,869
Christian Carion,870
Steven E. de Souza,871
Newt Arnold,872
John Ford,873
Shane Meadows,874
Kirk De Micco,875
Stephen Hillenburg,876
Blake Edwards,877
Jean-Paul Rappeneau,878
Barbet Schroeder,879
David Hackl,880
Craig Mazin,881
Christopher Cain,882
"George Tillman, Jr.",883
Michael Rymer,884
Gregory Widen,885
Stuart Gordon,886
Michael Dowse,887
Richard Benjamin,888
Demian Lichtenstein,889
Uwe Boll,890
Bill Paxton,891
Vincent Ward,892
Marco Schnabel,893
Peter Sollett,894
Seth Gordon,895
Douglas Aarniokoski,896
John Ottman,897
Shane Acker,898
Jacob Aaron Estes,899
Patrick Tatopoulos,900
Billy Bob Thornton,901
Fred Wolf,902
George Armitage,903
Jessy Terrero,904
Ed Harris,905
Elaine May,906
Liz Friedlander,907
Ben Gluck,908
Anthony Bell,909
Gina Prince-Bythewood,910
Charles Ferguson,911
Robert C. Cooper,912
Tony Maylam,913
Byron Howard,914
Chris Williams,915
Lexi Alexander,916
Jon Kasdan,917
Michael Corrente,918
Laurie Collyer,919
Christine Jeffs,920
Robert B. Weide,921
Gavin O'Connor,922
Walter Murch,923
Oxide Pang Chun,924
Danny Pang,925
Joshua Seftel,926
Robert Moresco,927
Neil LaBute,928
Paul Bartel,929
Jon Hurwitz,930
Hayden Schlossberg,931
Amy Heckerling,932
Alex Gibney,933
Christopher Guest,934
Tim Fywell,935
DJ Pooh,936
Denzel Washington,937
Neil Marshall,938
Joby Harold,939
Agustu00edn Du00edaz Yanes,940
Charles Stone III,941
Jake Paltrow,942
Chris Paine,943
Sean Anders,944
Billy Ray,945
John Sanford,946
Will Finn,947
Doug Atchison,948
David S. Goyer,949
John Erick Dowdle,950
Alex Cox,951
S.R. Bindler,952
Jeremy Passmore,953
Hal Haberman,954
William A. Graham,955
Mike Tollin,956
Michael Schultz,957
Christian Robinson,958
Diane English,959
Clark Gregg,960
Jonathan Levine,961
Deb Hagan,962
Randall Miller,963
Michael Mayer,964
Sean McNamara,965
Paul Schrader,966
Nacho Vigalondo,967
Fred Savage,968
Gary Chapman,969
Ben Younger,970
Elizabeth Allen Rosenbaum,971
Adam Rapp,972
Barry W. Blaustein,973
Steve James,974
Dana Adam Shapiro,975
Henry Alex Rubin,976
Franu00e7ois Girard,977
David Leland,978
Shane Carruth,979
Preston A. Whitmore II,980
John Patrick Shanley,981
Emmett Malloy,982
Brendan Malloy,983
Patrick Gilmore,984
Hart Bochner,985
John Schultz,986
Chris Rock,987
Alex Kendrick,988
Tommy O'Haver,989
Igor Kovalyov,990
Norton Virgien,991
Tommy Wirkola,992
Dave McKean,993
Jonas Elmer,994
Mark Herman,995
Sterling Van Wagenen,996
Henry Selick,997
Andy Cadiff,998
Nick Hurran,999
Steve Carver,1000
Steve Trenbirth,1001
Michael O. Sajbel,1002
Deborah Kaplan,1003
Harry Elfont,1004
Erik Canuel,1005
Don Coscarelli,1006
Thor Freudenthal,1007
Risa Bramon Garcia,1008
David Wain,1009
Hans Canosa,1010
Paul Abascal,1011
Jun Falkenstein,1012
C. Jay Cox,1013
Gregory Nava,1014
Ronald F. Maxwell,1015
Rick Famuyiwa,1016
Mark Tarlov,1017
David Raynr,1018
Michael Gornick,1019
Joss Whedon,1020
Mark Rydell,1021
Stig Bergqvist,1022
Tony Jaa,1023
Panna Rittikrai,1024
Colin Higgins,1025
Martin Koolhoven,1026
John Hillcoat,1027
Luis Valdez,1028
Mitch Davis,1029
Donovan Cook,1030
Robin Budd,1031
Tyler Perry,1032
Jorge Blanco,1033
Javier Abad,1034
Marcos Martu00ednez,1035
Fyodor Bondarchuk,1036
Kevin Allen,1037
Rebecca Miller,1038
Carroll Ballard,1039
Duncan Jones,1040
Gregor Jordan,1041
Neill Blomkamp,1042
Jonathan Kaplan,1043
Rob Pritts,1044
Des McAnuff,1045
George Sidney,1046
Carol Reed,1047
Meiert Avis,1048
Eric Nicholas,1049
Jean-Marc Vallu00e9e,1050
Dennis Iliadis,1051
Lance Rivera,1052
Nicolas Winding Refn,1053
Kevin Hooks,1054
Allan Dwan,1055
Michael Cuesta,1056
Jim Fall,1057
Wayne Beach,1058
Darren Stein,1059
Christopher Erskin,1060
Chuck Sheetz,1061
Hoyt Yeatman,1062
Christian Alvart,1063
Peter Billingsley,1064
Michael Spierig,1065
Peter Spierig,1066
Ruben Fleischer,1067
Henry Hathaway,1068
Dewey Nicks,1069
Bobcat Goldthwait,1070
Martin Lawrence,1071
Pierre Coffin,1072
Chris Renaud,1073
Joshua Logan,1074
James Sbardellati,1075
Peter Merwin,1076
Bart Freundlich,1077
Joseph Kosinski,1078
Jimmy Hayward,1079
Charles Martin Smith,1080
Alex Rivera,1081
David Atkins,1082
Majid Majidi,1083
Lu Chuan,1084
Lauren Lazin,1085
Bruce Malmuth,1086
Abel Ferrara,1087
Rian Johnson,1088
Robert Towne,1089
James Whale,1090
Howard Hughes,1091
Edmund Goulding,1092
Udayan Prasad,1093
Greg Berlanti,1094
Frank Borzage,1095
Christopher Miller,1096
Phil Lord,1097
Drew Barrymore,1098
Kevin Greutert,1099
Olatunde Osunsanmi,1100
Scott Stewart,1101
John Luessenhop,1102
Drew Goddard,1103
Steve Pink,1104
Matthew Robinson,1105
Ricky Gervais,1106
Ben Affleck,1107
Todd Graff,1108
Ethan Maniquis,1109
Phil Traill,1110
Douglas Cheek,1111
Oren Peli,1112
Bruce McDonald,1113
Mark Illsley,1114
Uli Edel,1115
Oliver Parker,1116
Jon Hess,1117
John Guillermin,1118
George T. Miller,1119
Dave Borthwick,1120
Frank Passingham,1121
Jean Duval,1122
Andrea Arnold,1123
Lone Scherfig,1124
Lance Mungia,1125
Martin Ritt,1126
Rusty Cundieff,1127
Nick Gomez,1128
Scott Cooper,1129
Juan Josu00e9 Campanella,1130
Terence Davies,1131
Brandon Camp,1132
Stefan Schwartz,1133
Jack Smight,1134
Ham Tran,1135
Lee Daniels,1136
Daniel Barber,1137
Karan Johar,1138
Rodrigo Cortu00e9s,1139
Richard Williams,1140
Stewart Hendler,1141
John Sayles,1142
Richard Dutcher,1143
Michael Burke,1144
Stephen Milburn Anderson,1145
Hue Rhodes,1146
Cecil B. DeMille,1147
Sylvio Tabet,1148
Anton Corbijn,1149
Floria Sigismondi,1150
Nicholas Ray,1151
Guy Green,1152
Raymond De Felitta,1153
Oren Moverman,1154
Brian Yuzna,1155
Eric Blakeney,1156
Ralph Nelson,1157
David Mamet,1158
Henry Koster,1159
Bob Gosse,1160
John 'Bud' Cardos,1161
Ulu Grosbard,1162
Philip Saville,1163
Fatih Akin,1164
Stefan Ruzowitzky,1165
Miguel Sapochnik,1166
James Toback,1167
William Sachs,1168
Sergey Bondarchuk,1169
Jim Field Smith,1170
Robert Butler,1171
Paul Gross,1172
Gaspar Nou00e9,1173
Peter Stebbings,1174
Alan Poul,1175
Susanna White,1176
Vincente Minnelli,1177
Eugu00e8ne Louriu00e9,1178
Russell Holt,1179
Alan Shapiro,1180
Agnieszka Wojtowicz-Vosloo,1181
Catherine Owens,1182
Chris Morris,1183
Will Gluck,1184
Michael Patrick King,1185
Jorma Taccone,1186
George Nolfi,1187
Nanette Burstein,1188
Daniel Barnz,1189
Daniel Stamm,1190
Rachel Perkins,1191
William A. Fraker,1192
Nathan Greno,1193
Debra Granik,1194
Edward Dmytryk,1195
Brad Peyton,1196
Lisa Cholodenko,1197
Marc Forby,1198
Robert D. Webb,1199
Jeff Burr,1200
Steve Boyum,1201
Ferzan Ozpetek,1202
Will Speck,1203
Josh Gordon,1204
Tod Williams,1205
Derrick Borte,1206
Eric Brevig,1207
Ben Wheatley,1208
Steve Antin,1209
Bob Fosse,1210
Huck Botko,1211
Andrew Gurland,1212
Paul Feig,1213
Lowell Sherman,1214
Tay Garnett,1215
Henry King,1216
Anna Boden,1217
Gareth Edwards,1218
Eugene Jarecki,1219
Heidi Ewing,1220
Rachel Grady,1221
Steven R. Monroe,1222
Mike Leigh,1223
John Curran,1224
Kenneth Lonergan,1225
Spencer Susser,1226
Jonathan Liebesman,1227
James Gunn,1228
Tom Hooper,1229
Shana Feste,1230
George Hickenlooper,1231
Quentin Dupieux,1232
Dan Rush,1233
Andru00e9 u00d8vredal,1234
Troy Nixey,1235
Xavier Beauvois,1236
Sngmoo Lee,1237
Derek Cianfrance,1238
Denis Villeneuve,1239
Richard J. Lewis,1240
Eli Craig,1241
Michael D. Sellers,1242
Karen Moncrieff,1243
Shari Springer Berman,1244
Robert Pulcini,1245
Paul Mazursky,1246
Lena Dunham,1247
Victor Nunez,1248
Steve Rash,1249
Guillaume Canet,1250
Alister Grierson,1251
Jason Eisener,1252
Brad Lewis,1253
Gary Shore,1254
Gary McKendry,1255
Charles Binamu00e9,1256
Jennifer Yuh Nelson,1257
Asger Leth,1258
Don Hahn,1259
Paul Brizzi,1260
Pixote Hunt,1261
Gau00ebtan Brizzi,1262
Francis Glebas,1263
Hendel Butoy,1264
Christian E. Christiansen,1265
Tate Taylor,1266
Brad Furman,1267
Gonzalo Lu00f3pez-Gallego,1268
Jodie Foster,1269
J.C. Chandor,1270
Vera Farmiga,1271
Don Hall,1272
Stephen Anderson,1273
Bill Plympton,1274
Jim Mickle,1275
Mu00e5ns Mu00e5rlind,1276
Bju00f6rn Stein,1277
Noam Murro,1278
Gilles Paquet-Brenner,1279
Julie Anne Robinson,1280
Fernando Leu00f3n de Aranoa,1281
David Evans ,1282
Mike Mills,1283
Mike Cahill,1284
Todd Strauss-Schulson,1285
Jack Conway,1286
Steven Quale,1287
William Dear,1288
Khalid Mohammed,1289
Mike Disa,1290
Salim Akil,1291
Nima Nourizadeh,1292
Jean-Jacques Mantello,1293
Mike Thurmeier,1294
Steve Martino,1295
Ti West,1296
Rupert Sanders,1297
Daisy von Scherler Mayer,1298
Joe Cornish,1299
Rick Bieber,1300
Thomas Bezucha,1301
Tom Hanks,1302
Daniel Espinosa,1303
Jesse Peretz,1304
Dan St. Pierre,1305
Drake Doremus,1306
Sam Levinson,1307
Nicholas Jarecki,1308
Michael J. Bassett,1309
Rupert Wyatt,1310
Takashi Yamazaki,1311
Mark Andrews,1312
Steve Purcell,1313
Dan Scanlon,1314
Olivier Megaton,1315
Mark Mylod,1316
James Bobin,1317
Carl Rinsch,1318
Jeff Nichols,1319
James Watkins,1320
Harry Beaumont,1321
Kevin Tancharoen,1322
John Michael McDonagh,1323
Callan Brunker,1324
Sergei Bodrov,1325
Ariel Vromen,1326
Al Silliman Jr.,1327
Shim Hyung-Rae,1328
Chris Gorak,1329
Lynne Ramsay,1330
Seth MacFarlane,1331
Jeff Newitt,1332
Anthony Hemingway,1333
Michael Sucsy,1334
Ariel Schulman,1335
Henry Joost,1336
Emile Ardolino,1337
Allan Arkush,1338
Rodrigo Garcu00eda,1339
Michel Hazanavicius,1340
Mike McCoy,1341
Scott Waugh,1342
Simon Curtis,1343
Steve McQueen,1344
Alan Taylor,1345
Genndy Tartakovsky,1346
Josh Trank,1347
Chris Butler,1348
Baltasar Kormu00e1kur,1349
Ole Bornedal,1350
Mabrouk El Mechri,1351
Nick Murphy ,1352
David Soren,1353
Neil Nightingale,1354
Arthur Hiller,1355
Alan Smithee,1356
Pascal Vuong,1357
Ronan Chapalain,1358
Andrew Haigh,1359
Matt Bettinelli-Olpin,1360
Tyler Gillett,1361
Todd Lincoln ,1362
Angelina Jolie,1363
Akiva Schaffer,1364
Juan Antonio Bayona,1365
Peter Ramsey,1366
Julian Gilbey,1367
Stephen St. Leger,1368
James Mather,1369
Mark Tonderai,1370
Jay Duplass,1371
Mark Duplass,1372
Josh Schwartz,1373
Rich Moore,1374
Brian Klugman,1375
Lee Sternthal,1376
Leslye Headland,1377
Benh Zeitlin,1378
Jamie Travis,1379
Jake Schreier,1380
Colin Trevorrow,1381
Lynn Shelton,1382
Joseph Dorman,1383
Stephen Chbosky,1384
Scott Speer,1385
Park Chan-wook,1386
Zal Batmanglij,1387
Justin Zackham,1388
Jonathan van Tulleken,1389
Elizabeth Banks,1390
James Duffy,1391
Will Graham,1392
Patrik Forsberg,1393
Lorene Scafaria,1394
Floyd Mutrux,1395
Lu00e9a Pool,1396
Kat Coiro,1397
Laura Lau,1398
Gareth Evans,1399
Dean Wright,1400
Josu00e9 Padilha,1401
Jonathan Glazer,1402
RZA,1403
Stuart Beattie,1404
Ralph Fiennes,1405
Jane Lipsitz,1406
Dan Cutforth,1407
Robert Stromberg,1408
Franck Khalfoun,1409
Thomas Vinterberg,1410
Peter Sohn,1411
Jon Lucas,1412
Scott Moore,1413
Eric Styles,1414
Seth Rogen,1415
Evan Goldberg,1416
Benson Lee,1417
Fede Alvarez,1418
Jennifer Lee,1419
Cody Cameron,1420
Kris Pearn,1421
Dax Shepard,1422
David Palmer,1423
Bong Joon-ho,1424
Anne Fontaine,1425
Ben Lewin,1426
Jason Moore,1427
Conor McMahon,1428
Paul King,1429
Nick Love,1430
Lawrence Kasanoff,1431
Dustin Hoffman,1432
Harmony Korine,1433
Christine Cynn,1434
Anonymous,1435
Joshua Oppenheimer,1436
Don Scardino,1437
Benjamin Renner,1438
Stu00e9phane Aubier,1439
Vincent Patar,1440
Jonathan Teplitzky,1441
Maggie Carey,1442
Andy Muschietti,1443
Ric Roman Waugh,1444
Sam Miller,1445
Akiva Goldsman,1446
Patrick Hughes,1447
Michael Tiddes,1448
Brenna Sanchez,1449
Tom Putnam,1450
Alessandro Carloni,1451
Ed Gass-Donnelly,1452
Courtney Solomon,1453
Ken Scott,1454
Jim Rash,1455
Nat Faxon,1456
John Wells,1457
Giuseppe Tornatore,1458
Fergal Reilly,1459
Clay Kaytis,1460
Wally Pfister,1461
James Ponsoldt,1462
Mike Flanagan,1463
James DeMonaco,1464
John Crowley,1465
Scott Frank,1466
Graham Annable,1467
Anthony Silverston,1468
David E. Talbert,1469
Kasi Lemmons,1470
David Boyd,1471
Paolo Sorrentino,1472
Ayan Mukherjee,1473
Ritesh Batra,1474
Justin Chadwick,1475
Wes Ball,1476
Scott Walker,1477
James Manera,1478
Rowan Joffe,1479
Morten Tyldum,1480
Paweu0142 Pawlikowski,1481
Jason Bateman,1482
Kyle Balda,1483
Eugenio Derbez,1484
Sam Taylor-Johnson,1485
Benedikt Erlingsson,1486
Vic Armstrong,1487
Josh Boone,1488
Tom Gormican,1489
Ben Falcone,1490
Christopher B. Landon,1491
Jonathan Newman,1492
Dean Israelite,1493
Paul Tibbitt,1494
Jorge R. Gutierrez,1495
Liv Ullmann,1496
Will Canon,1497
Christopher Spencer,1498
Dave Green,1499
Theodore Melfi,1500
Michael Hoffman,1501
Brian A Miller,1502
William Eubank,1503
Stiles White,1504
Dan Gilroy,1505
David Gelb,1506
Kate Barker-Froyland,1507
Damien Chazelle,1508
Kim Farrant,1509
R.J. Cutler,1510
Marielle Heller,1511
Eric Lavaine,1512
Claudia Llosa,1513
Andrew Erwin,1514
Jon Erwin,1515
Camille Delamarre,1516
Andrea Di Stefano,1517
S.S. Rajamouli,1518
Russell Crowe,1519
Dan Fogelman,1520
Alejandro Monteverde,1521
Ericson Core,1522
Etan Cohen,1523
Christian Ditter,1524
Lenny Abrahamson,1525
Alex Garland,1526
Gregory Jacobs,1527
James Marsh,1528
Babak Najafi,1529
David Robert Mitchell,1530
Ari Sandel,1531
Ava DuVernay,1532
Levan Gabriadze,1533
Leigh Whannell,1534
Ciaran Foy,1535
Wash Westmoreland,1536
Richard Glatzer,1537
Henry Hobson,1538
Michael Dougherty,1539
Cedric Nicolas-Troyan,1540
Charlie Kaufman,1541
Duke Johnson,1542
Dan Mazer,1543
Patricia Riggen,1544
Tim Miller,1545
Lee Toland Krieger,1546
David Lowery,1547
Thea Sharrock,1548
Jonathan M. Goldstein,1549
John Francis Daley,1550
Chris Lofing,1551
Travis Cluff,1552
J Blakeson,1553
Max Joseph,1554
Jonathan Silverman,1555
Jennifer Finnigan,1556
Valerie Red-Horse,1557
Jennifer Wynne Farmer,1558
Robert Eggers,1559
Ryan Coogler,1560
Jeremy Saulnier,1561
Cyrus Nowrasteh,1562
Dexter Fletcher,1563
Peter Landesman,1564
Joel Edgerton,1565
Jason Zada,1566
Jerry Jameson,1567
Dan Trachtenberg,1568
Scott Mann,1569
Nate Parker,1570
Peter Atencio,1571
David F. Sandberg,1572
Harold Cronk,1573
Robert Fontaine,1574
Raja Menon,1575
